{
    "Na": {
        "diffusion_coefficient": 2.409342996883923e-05,
        "uncertainty": 1.7178391370453517e-06,
        "time": [
            0.0,
            0.002,
            0.004,
            0.006,
            0.008,
            0.01,
            0.012,
            0.014,
            0.016,
            0.018000000000000002,
            0.02,
            0.022,
            0.024,
            0.026000000000000002,
            0.028,
            0.03,
            0.032,
            0.034,
            0.036000000000000004,
            0.038,
            0.04,
            0.042,
            0.044,
            0.046,
            0.048,
            0.05,
            0.052000000000000005,
            0.054,
            0.056,
            0.058,
            0.06,
            0.062,
            0.064,
            0.066,
            0.068,
            0.07,
            0.07200000000000001,
            0.074,
            0.076,
            0.078,
            0.08,
            0.082,
            0.084,
            0.08600000000000001,
            0.088,
            0.09,
            0.092,
            0.094,
            0.096,
            0.098,
            0.1,
            0.10200000000000001,
            0.10400000000000001,
            0.106,
            0.108,
            0.11,
            0.112,
            0.114,
            0.116,
            0.11800000000000001,
            0.12,
            0.122,
            0.124,
            0.126,
            0.128,
            0.13,
            0.132,
            0.134,
            0.136,
            0.138,
            0.14,
            0.14200000000000002,
            0.14400000000000002,
            0.146,
            0.148,
            0.15,
            0.152,
            0.154,
            0.156,
            0.158,
            0.16,
            0.162,
            0.164,
            0.166,
            0.168,
            0.17,
            0.17200000000000001,
            0.17400000000000002,
            0.176,
            0.178,
            0.18,
            0.182,
            0.184,
            0.186,
            0.188,
            0.19,
            0.192,
            0.194,
            0.196,
            0.198
        ],
        "msd": [
            0.0,
            2.7731025001579235e-09,
            1.107355913064355e-08,
            2.4845331732118133e-08,
            4.399587265946081e-08,
            6.839768746261962e-08,
            9.789062460054781e-08,
            1.3228465712813824e-07,
            1.7136304094031648e-07,
            2.148858593984768e-07,
            2.62593948430436e-07,
            3.1421321156789997e-07,
            3.694590196718825e-07,
            4.2804069565400747e-07,
            4.896651677188593e-07,
            5.540393942833941e-07,
            6.208716139720294e-07,
            6.898726840943319e-07,
            7.607574206733422e-07,
            8.332460663166609e-07,
            9.07066331399955e-07,
            9.819561152802282e-07,
            1.057666882773463e-06,
            1.1339665195999675e-06,
            1.2106410009033615e-06,
            1.2874946357557006e-06,
            1.364349790523188e-06,
            1.441047237928803e-06,
            1.5174464595284572e-06,
            1.5934256786036785e-06,
            1.6688805748636889e-06,
            1.7437229343856953e-06,
            1.8178792006212086e-06,
            1.8912890805220097e-06,
            1.9639041781455186e-06,
            2.0356869422871163e-06,
            2.1066093600447377e-06,
            2.176652165544698e-06,
            2.2458040020785645e-06,
            2.314060646673734e-06,
            2.381424373000371e-06,
            2.4479025685595867e-06,
            2.5135066197317345e-06,
            2.5782508648490336e-06,
            2.6421514942929636e-06,
            2.705226119249683e-06,
            2.767493277539627e-06,
            2.8289722149407564e-06,
            2.8896826258705856e-06,
            2.9496445856589556e-06,
            3.0088783647787375e-06,
            3.0674040555060226e-06,
            3.1252421890318232e-06,
            3.182413577214319e-06,
            3.2389395576542697e-06,
            3.294841857961449e-06,
            3.3501422711710766e-06,
            3.404862275545641e-06,
            3.459023311059347e-06,
            3.512646555836195e-06,
            3.5657530414312813e-06,
            3.6183630915666333e-06,
            3.670496247377328e-06,
            3.722171399983588e-06,
            3.773406957803014e-06,
            3.824220893807412e-06,
            3.874631077424111e-06,
            3.9246551704967845e-06,
            3.974310551991617e-06,
            4.023614124596062e-06,
            4.0725820808663715e-06,
            4.121230104209819e-06,
            4.1695730805117405e-06,
            4.217624822043205e-06,
            4.265397867299657e-06,
            4.312903227220682e-06,
            4.360150470668372e-06,
            4.407147264373723e-06,
            4.453899641820039e-06,
            4.500412063672222e-06,
            4.5466874455522326e-06,
            4.592727430890218e-06,
            4.638532408005406e-06,
            4.6841020614744176e-06,
            4.729435322762757e-06,
            4.7745305738848585e-06,
            4.8193860511371705e-06,
            4.863999725877443e-06,
            4.908369033000547e-06,
            4.952491011645551e-06,
            4.996361981148969e-06,
            5.039977403522193e-06,
            5.083332341223247e-06,
            5.126421629259035e-06,
            5.169240455515664e-06,
            5.211784309068755e-06,
            5.254049683683349e-06,
            5.296034372904101e-06,
            5.337737382259603e-06,
            5.379159241951356e-06
        ]
    },
    "Cl": {
        "diffusion_coefficient": 2.2347947777176983e-05,
        "uncertainty": 1.7012350053542378e-06,
        "time": [
            0.0,
            0.002,
            0.004,
            0.006,
            0.008,
            0.01,
            0.012,
            0.014,
            0.016,
            0.018000000000000002,
            0.02,
            0.022,
            0.024,
            0.026000000000000002,
            0.028,
            0.03,
            0.032,
            0.034,
            0.036000000000000004,
            0.038,
            0.04,
            0.042,
            0.044,
            0.046,
            0.048,
            0.05,
            0.052000000000000005,
            0.054,
            0.056,
            0.058,
            0.06,
            0.062,
            0.064,
            0.066,
            0.068,
            0.07,
            0.07200000000000001,
            0.074,
            0.076,
            0.078,
            0.08,
            0.082,
            0.084,
            0.08600000000000001,
            0.088,
            0.09,
            0.092,
            0.094,
            0.096,
            0.098,
            0.1,
            0.10200000000000001,
            0.10400000000000001,
            0.106,
            0.108,
            0.11,
            0.112,
            0.114,
            0.116,
            0.11800000000000001,
            0.12,
            0.122,
            0.124,
            0.126,
            0.128,
            0.13,
            0.132,
            0.134,
            0.136,
            0.138,
            0.14,
            0.14200000000000002,
            0.14400000000000002,
            0.146,
            0.148,
            0.15,
            0.152,
            0.154,
            0.156,
            0.158,
            0.16,
            0.162,
            0.164,
            0.166,
            0.168,
            0.17,
            0.17200000000000001,
            0.17400000000000002,
            0.176,
            0.178,
            0.18,
            0.182,
            0.184,
            0.186,
            0.188,
            0.19,
            0.192,
            0.194,
            0.196,
            0.198
        ],